{
    "layers": [
        "background",
        "transportation",
        "building",
        "boundary",
        "landcover",
        "park",
        "place",
        "waterway",
        "aeroway",
        "water",
        "landuse",
        "mountain_peak",
        "water_name",
        "housenumber",
        "aerodrome_label",
        "transportation_name",
        "poi"
    ],
    "styles": [
        "transport_colors.mss",
        "transport_style.mss"
    ],
    "name": "transport_style",
    "nutiparameters": {
        "selectedTheme": {
            "default": "light",
            "values": {
                "dark": "dark",
                "light": "light"
            }
        },
        "language": {
            "default": "tr",
            "values": {
                "en": "en",
                "tr": "tr"
            }
        }
    },
    "files": {
        "fonts/DejaVuSans.ttf": {
            "md5": "3b88c8fc6f185fd818dd23b30fd51680",
            "size": 756072
        }
    }
}